Rank,Gender,Forename,Incidence,Frequency
1,100%,Maria,"14,524,659",01:15
2,100%,Jose,"8,002,933",01:27
3,100%,Joao,"3,810,830",01:56
4,100%,Antonio,"3,642,848",01:59
5,100%,Ana,"3,193,410",02:07
6,100%,Francisco,"2,609,321",02:22
7,100%,Luiz,"1,798,775",02:59
8,100%,Carlos,"1,692,417",03:07
9,100%,Paulo,"1,632,663",03:11
10,100%,Pedro,"1,534,904",03:20
11,100%,Manoel,"1,342,227",03:40
12,100%,Marcos,"1,111,742",04:13
13,100%,Lucas,"1,056,387",04:23
14,100%,Francisca,"989,572",04:36
15,100%,Raimundo,"933,628",04:49
16,100%,Gabriel,"842,001",05:14
17,100%,Rafael,"795,944",05:29
18,100%,Antonia,"781,621",05:34
19,100%,Marcelo,"757,651",05:43
20,100%,Sebastiao,"743,616",05:48
21,100%,Daniel,"741,817",05:49
22,100%,Luis,"704,760",06:04
23,100%,Eduardo,"660,022",06:25
24,100%,Bruno,"638,485",06:36
25,100%,Rodrigo,"625,940",06:42
26,100%,Fernando,"610,235",06:51
27,100%,Jorge,"602,308",06:56
28,100%,Adriana,"593,616",07:01
29,100%,Andre,"592,905",07:01
30,100%,Fabio,"572,060",07:14
31,100%,Matheus,"571,814",07:15
32,97%,Marcia,"568,235",07:17
33,100%,Leonardo,"564,086",07:20
34,100%,Guilherme,"557,160",07:25
35,100%,Juliana,"544,314",07:34
36,100%,Fernanda,"525,861",07:47
37,100%,Leandro,"525,188",07:48
38,100%,Felipe,"524,992",07:48
39,100%,Ricardo,"512,118",07:58
40,100%,Marcio,"511,222",07:59
41,98%,Patricia,"511,095",07:59
42,100%,Edson,"504,943",08:04
43,97%,Sandra,"502,272",08:07
44,100%,Roberto,"500,631",08:08
45,100%,Gustavo,"498,881",08:09
46,100%,Anderson,"498,571",08:10
47,100%,Alexandre,"494,762",08:13
48,100%,Geraldo,"490,756",08:17
49,100%,Thiago,"490,708",08:17
50,100%,Aline,"475,729",08:30
51,100%,Josefa,"449,766",08:56
52,100%,Jessica,"446,805",08:59
53,98%,Luciana,"442,644",09:04
54,100%,Julia,"440,801",09:06
55,100%,Sergio,"440,168",09:07
56,100%,Miguel,"438,765",09:08
57,100%,Amanda,"436,810",09:10
58,100%,Joaquim,"427,451",09:21
59,100%,Bruna,"425,674",09:23
60,100%,Raimunda,"415,072",09:36
61,100%,Vanessa,"409,727",09:43
62,98%,Rita,"405,836",09:48
63,98%,Vera,"396,471",10:00
64,100%,Diego,"394,563",10:03
65,100%,Camila,"388,246",10:12
66,100%,Claudio,"379,496",10:25
67,100%,Julio,"378,709",10:26
68,100%,Davi,"377,592",10:27
69,100%,Leticia,"377,145",10:28
70,97%,Sonia,"374,677",10:32
71,100%,Luciano,"371,994",10:36
72,100%,Rosa,"371,490",10:37
73,100%,Terezinha,"368,899",10:41
74,100%,Mariana,"366,411",10:45
75,100%,Benedito,"362,223",10:51
76,100%,Beatriz,"361,792",10:52
77,98%,Simone,"360,458",10:54
78,100%,Adriano,"359,712",10:56
79,100%,Mario,"359,660",10:56
80,100%,Vinicius,"359,046",10:57
81,100%,Renato,"356,747",11:01
82,100%,Eliane,"354,875",11:04
83,98%,Renata,"348,516",11:15
84,100%,Claudia,"344,727",11:21
85,100%,Larissa,"340,465",11:29
86,100%,Tiago,"334,948",11:40
87,100%,Arthur,"332,583",11:44
88,100%,Cristiane,"329,597",11:50
89,100%,Alex,"328,009",11:53
90,100%,Samuel,"326,601",11:56
91,99%,Rosangela,"325,957",11:57
92,100%,Joana,"325,884",11:57
93,100%,Gabriela,"321,605",12:06
94,99%,Marlene,"319,495",12:11
95,100%,Luana,"318,566",12:13
96,100%,Cicero,"318,323",12:13
97,100%,Victor,"315,993",12:18
98,100%,Luzia,"312,448",12:26
99,100%,Aparecida,"306,857",12:38
100,100%,Vitor,"304,562",12:43
101,100%,Angela,"301,878",12:50
102,100%,Fabiana,"298,612",12:57
103,100%,Rogerio,"297,412",13:00
104,100%,Ronaldo,"296,371",13:03
105,100%,Alice,"288,749",13:22
106,100%,Flavio,"285,385",13:31
107,100%,Daniela,"284,739",13:32
108,100%,Nelson,"284,400",13:33
109,100%,Douglas,"284,213",13:34
110,100%,Luiza,"282,881",13:37
111,100%,Mateus,"280,573",13:44
112,100%,Laura,"280,251",13:44
113,100%,Helena,"278,659",13:49
114,100%,Raquel,"278,637",13:49
115,100%,Carla,"276,133",13:56
116,98%,Lucia,"274,747",14:00
117,96%,Regina,"274,671",14:00
118,100%,Severino,"272,512",14:06
119,100%,Andreia,"271,146",14:10
120,100%,Alessandra,"269,807",14:14
121,100%,Debora,"268,533",14:18
122,100%,Reginaldo,"266,478",14:24
123,100%,Gilberto,"264,950",14:29
124,100%,Vitoria,"262,183",14:37
125,100%,Robson,"261,624",14:39
126,100%,Henrique,"261,208",14:40
127,100%,Wilson,"257,598",14:52
128,100%,Elaine,"257,361",14:52
129,100%,Jaqueline,"256,352",14:56
130,100%,Mauricio,"247,388",15:26
131,100%,Marco,"245,587",15:32
132,100%,Thais,"244,525",15:36
133,100%,Priscila,"239,900",15:53
134,100%,Elias,"233,715",16:17
135,100%,Anna,"232,028",16:23
136,100%,Natalia,"231,771",16:24
137,100%,Tereza,"229,678",16:33
138,100%,David,"229,584",16:33
139,100%,Flavia,"228,206",16:39
140,100%,Domingos,"227,068",16:43
141,100%,Rafaela,"226,679",16:45
142,100%,Andrea,"224,695",16:53
143,99%,Marina,"223,663",16:58
144,100%,Viviane,"222,618",17:02
145,98%,Silvana,"222,286",17:04
146,100%,Edna,"221,093",17:09
147,100%,Igor,"220,699",17:11
148,100%,Wellington,"219,713",17:15
149,100%,Danilo,"216,765",17:28
150,100%,Paula,"213,474","1:1,004"
151,100%,Cristiano,"210,110","1:1,020"
152,100%,Vicente,"210,079","1:1,020"
153,98%,Solange,"209,735","1:1,021"
154,100%,Jefferson,"209,409","1:1,023"
155,100%,Bianca,"207,548","1:1,032"
156,96%,Silvia,"207,024","1:1,035"
157,98%,Marta,"204,883","1:1,046"
158,98%,Sueli,"203,830","1:1,051"
159,96%,Monica,"203,101","1:1,055"
160,100%,Isabel,"201,934","1:1,061"
161,100%,Osvaldo,"200,233","1:1,070"
162,100%,Valdir,"200,007","1:1,071"
163,100%,Tatiane,"197,494","1:1,085"
164,100%,Emerson,"194,108","1:1,104"
165,100%,Mauro,"192,302","1:1,114"
166,100%,Jean,"192,085","1:1,115"
167,100%,Wagner,"191,505","1:1,119"
168,100%,Sebastiana,"190,888","1:1,122"
169,100%,Wesley,"190,427","1:1,125"
170,100%,Adilson,"190,214","1:1,126"
171,100%,Eliana,"189,664","1:1,130"
172,100%,Celia,"188,474","1:1,137"
173,100%,Janaina,"187,132","1:1,145"
174,100%,Eva,"186,389","1:1,149"
175,100%,Gilmar,"186,300","1:1,150"
176,97%,Rosana,"185,279","1:1,156"
177,100%,Caio,"184,474","1:1,161"
178,100%,Milton,"184,126","1:1,164"
179,100%,Marli,"183,576","1:1,167"
180,100%,Jair,"181,592","1:1,180"
181,100%,Carolina,"181,162","1:1,183"
182,100%,Katia,"180,903","1:1,184"
183,100%,Marilene,"180,452","1:1,187"
184,100%,Helio,"180,212","1:1,189"
185,100%,Gilson,"177,895","1:1,204"
186,100%,Benedita,"177,322","1:1,208"
187,100%,Daiane,"176,192","1:1,216"
188,100%,Andressa,"175,979","1:1,217"
189,100%,Cristina,"175,123","1:1,223"
190,100%,Jonas,"174,602","1:1,227"
191,100%,Caroline,"173,908","1:1,232"
192,100%,William,"173,516","1:1,235"
193,100%,Daniele,"173,057","1:1,238"
194,96%,Valeria,"171,236","1:1,251"
195,100%,Joel,"170,862","1:1,254"
196,100%,Elza,"170,638","1:1,256"
197,100%,Elisangela,"170,585","1:1,256"
198,97%,Tania,"169,961","1:1,261"
199,100%,Alessandro,"169,506","1:1,264"
200,100%,Barbara,"167,861","1:1,276"
201,100%,Fabiano,"166,878","1:1,284"
202,100%,Celso,"165,368","1:1,296"
203,100%,Adao,"164,776","1:1,300"
204,100%,Denise,"163,822","1:1,308"
205,100%,Erica,"163,245","1:1,312"
206,100%,Alan,"163,172","1:1,313"
207,100%,Irene,"162,375","1:1,319"
208,100%,Silvio,"162,260","1:1,320"
209,100%,Sára,"162,135","1:1,321"
210,100%,Renan,"161,333","1:1,328"
211,100%,Izabel,"161,055","1:1,330"
212,100%,Luan,"157,426","1:1,361"
213,100%,Edilson,"156,641","1:1,368"
214,99%,Roseli,"156,108","1:1,372"
215,100%,Jeferson,"155,589","1:1,377"
216,100%,Luciene,"153,902","1:1,392"
217,100%,Reinaldo,"153,900","1:1,392"
218,100%,Sabrina,"152,916","1:1,401"
219,100%,Fabricio,"152,505","1:1,405"
220,100%,Ivan,"150,833","1:1,420"
221,100%,Augusto,"150,349","1:1,425"
222,100%,Orlando,"149,954","1:1,429"
223,100%,Willian,"149,829","1:1,430"
224,100%,Severina,"149,262","1:1,435"
225,100%,Alberto,"148,756","1:1,440"
226,100%,Fatima,"148,543","1:1,442"
227,100%,Isabela,"148,484","1:1,443"
228,100%,Michele,"147,015","1:1,457"
229,100%,Nair,"146,632","1:1,461"
230,100%,Diogo,"146,357","1:1,464"
231,100%,Yasmin,"146,194","1:1,465"
232,100%,Margarida,"146,146","1:1,466"
233,100%,Cecilia,"145,902","1:1,468"
234,100%,Moises,"144,882","1:1,479"
235,100%,Tatiana,"144,333","1:1,484"
236,100%,Roberta,"143,678","1:1,491"
237,100%,Livia,"143,436","1:1,494"
238,100%,Walter,"142,745","1:1,501"
239,100%,Ademir,"141,517","1:1,514"
240,99%,Vilma,"139,542","1:1,535"
241,99%,Neusa,"139,010","1:1,541"
242,100%,Josiane,"138,798","1:1,544"
243,100%,Edmilson,"137,381","1:1,559"
244,100%,Ivone,"136,447","1:1,570"
245,100%,Sandro,"134,756","1:1,590"
246,100%,Edvaldo,"134,017","1:1,599"
247,100%,Kelly,"133,034","1:1,610"
248,100%,Isabella,"132,481","1:1,617"
249,100%,Everton,"132,257","1:1,620"
250,100%,Gisele,"131,934","1:1,624"
251,100%,Gerson,"130,914","1:1,636"
252,100%,Ailton,"130,791","1:1,638"
253,100%,Karina,"130,727","1:1,639"
254,100%,Rubens,"130,652","1:1,640"
255,100%,Evandro,"130,503","1:1,642"
256,100%,Neuza,"130,118","1:1,646"
257,100%,Osmar,"128,967","1:1,661"
258,100%,Enzo,"128,799","1:1,663"
259,100%,Lorena,"127,765","1:1,677"
260,100%,Bernardo,"127,730","1:1,677"
261,100%,Nilton,"127,601","1:1,679"
262,100%,Rosilene,"127,254","1:1,684"
263,100%,Valmir,"126,715","1:1,691"
264,100%,Nilson,"126,601","1:1,692"
265,100%,Lara,"126,207","1:1,697"
266,100%,Lourdes,"125,786","1:1,703"
267,100%,Pablo,"124,831","1:1,716"
268,100%,Cicera,"124,387","1:1,722"
269,100%,Geralda,"124,089","1:1,726"
270,98%,Vania,"123,868","1:1,730"
271,100%,Mayara,"122,642","1:1,747"
272,100%,Marcela,"122,391","1:1,750"
273,100%,Milena,"121,318","1:1,766"
274,100%,Veronica,"121,121","1:1,769"
275,100%,Eunice,"121,019","1:1,770"
276,98%,Selma,"120,635","1:1,776"
277,100%,Aparecido,"120,280","1:1,781"
278,100%,Angelica,"120,066","1:1,784"
279,100%,Ingrid,"119,916","1:1,787"
280,100%,Elizabeth,"119,804","1:1,788"
281,-,Mária,"119,630","1:1,791"
282,100%,Vanderlei,"118,833","1:1,803"
283,100%,Eduarda,"118,772","1:1,804"
284,100%,Conceicao,"118,305","1:1,811"
285,100%,Nathalia,"117,770","1:1,819"
286,97%,Lilian,"116,902","1:1,833"
287,100%,Giovanna,"116,672","1:1,836"
288,100%,Otavio,"116,667","1:1,836"
289,100%,Cesar,"116,540","1:1,838"
290,100%,Valter,"116,336","1:1,842"
291,100%,Lais,"116,327","1:1,842"
292,100%,Juliano,"115,576","1:1,854"
293,100%,Murilo,"115,413","1:1,856"
294,100%,Sophia,"115,330","1:1,858"
295,100%,Hugo,"113,646","1:1,885"
296,100%,Angelo,"113,239","1:1,892"
297,100%,Israel,"113,163","1:1,893"
298,100%,Iracema,"111,511","1:1,921"
299,100%,Jonathan,"110,363","1:1,941"
300,100%,Josue,"110,218","1:1,944"
301,100%,Manuel,"109,646","1:1,954"
302,100%,Danielle,"109,637","1:1,954"
303,100%,Erika,"109,126","1:1,963"
304,100%,Valdeci,"108,748","1:1,970"
305,100%,Cleonice,"108,619","1:1,972"
306,98%,Neide,"108,569","1:1,973"
307,100%,Alzira,"107,931","1:1,985"
308,100%,Nicolas,"107,794","1:1,987"
309,100%,Janete,"107,753","1:1,988"
310,100%,Cleide,"107,651","1:1,990"
311,100%,Arnaldo,"107,297","1:1,997"
312,100%,Pamela,"106,681","1:2,008"
313,100%,Brenda,"106,553","1:2,011"
314,100%,Arlindo,"105,802","1:2,025"
315,97%,Leila,"105,745","1:2,026"
316,100%,Marinalva,"104,694","1:2,046"
317,100%,Alfredo,"103,697","1:2,066"
318,100%,Mirian,"103,662","1:2,067"
319,100%,Sarah,"103,530","1:2,069"
320,100%,Cintia,"102,803","1:2,084"
321,100%,Jaime,"102,347","1:2,093"
322,100%,Hilda,"101,551","1:2,110"
323,100%,Heloisa,"100,981","1:2,122"
324,100%,Marcus,"100,816","1:2,125"
325,100%,Erick,"100,704","1:2,127"
326,100%,Edivaldo,"100,631","1:2,129"
327,100%,Ester,"99,613","1:2,151"
328,100%,Valdemar,"99,280","1:2,158"
329,100%,Wanderson,"98,942","1:2,165"
330,100%,Nivaldo,"98,774","1:2,169"
331,100%,Alcides,"98,292","1:2,180"
332,100%,Ismael,"98,229","1:2,181"
333,100%,Cleiton,"98,228","1:2,181"
334,100%,Zilda,"97,678","1:2,193"
335,100%,Elizabete,"97,241","1:2,203"
336,100%,Joelma,"97,214","1:2,204"
337,100%,Isadora,"96,489","1:2,220"
338,100%,Nilza,"96,483","1:2,220"
339,100%,Breno,"96,314","1:2,224"
340,100%,Joyce,"96,184","1:2,227"
341,100%,Samara,"96,128","1:2,229"
342,100%,Damiao,"95,860","1:2,235"
343,66%,Michelle,"95,645","1:2,240"
344,100%,Lourival,"94,915","1:2,257"
345,100%,Cleber,"94,794","1:2,260"
346,100%,Raphael,"94,173","1:2,275"
347,100%,Moacir,"93,584","1:2,289"
348,100%,Teresinha,"93,439","1:2,293"
349,85%,Miriam,"93,228","1:2,298"
350,100%,Jackson,"92,535","1:2,315"
351,100%,Heitor,"92,117","1:2,326"
352,100%,Alisson,"91,502","1:2,341"
353,100%,Luciane,"91,468","1:2,342"
354,100%,Vagner,"91,239","1:2,348"
355,100%,Clarice,"91,101","1:2,352"
356,100%,Lidia,"91,100","1:2,352"
357,100%,Carmen,"90,887","1:2,357"
358,100%,Jairo,"90,653","1:2,363"
359,97%,Iraci,"90,608","1:2,364"
360,100%,Yuri,"90,520","1:2,367"
361,100%,Alexsandro,"90,454","1:2,368"
362,100%,Lucilene,"90,169","1:2,376"
363,100%,Regiane,"89,812","1:2,385"
364,100%,Lucimar,"89,729","1:2,388"
365,100%,Sheila,"89,392","1:2,397"
366,100%,Dalva,"89,099","1:2,404"
367,100%,Sofia,"88,768","1:2,413"
368,96%,Marisa,"88,705","1:2,415"
369,100%,Celio,"88,014","1:2,434"
370,100%,Talita,"87,876","1:2,438"
371,100%,Liliane,"87,711","1:2,443"
372,100%,Emilly,"87,543","1:2,447"
373,100%,Jailson,"87,508","1:2,448"
374,100%,Maicon,"86,780","1:2,469"
375,98%,Marilia,"86,120","1:2,488"
376,97%,Suely,"85,412","1:2,508"
377,100%,Alvaro,"85,400","1:2,509"
378,100%,Juarez,"85,322","1:2,511"
379,100%,Valdemir,"84,760","1:2,528"
380,100%,Eliene,"83,868","1:2,554"
381,100%,Filipe,"83,730","1:2,559"
382,100%,Iara,"83,712","1:2,559"
383,100%,Rosane,"83,512","1:2,565"
384,100%,Clara,"83,282","1:2,572"
385,98%,Mara,"82,995","1:2,581"
386,95%,Dayane,"82,621","1:2,593"
387,100%,Armando,"82,283","1:2,604"
388,100%,Giovana,"82,245","1:2,605"
389,88%,Tamires,"82,222","1:2,606"
390,100%,Ivo,"81,555","1:2,627"
391,100%,Charles,"81,505","1:2,629"
392,100%,Andreza,"81,266","1:2,636"
393,100%,Isaias,"81,238","1:2,637"
394,100%,Lidiane,"81,139","1:2,640"
395,100%,Artur,"81,012","1:2,644"
396,100%,Italo,"80,975","1:2,646"
397,100%,Ivonete,"80,892","1:2,648"
398,100%,Jane,"80,828","1:2,651"
399,100%,Teresa,"80,464","1:2,663"
400,100%,Franciele,"80,386","1:2,665"
401,93%,Kaua,"80,380","1:2,665"
402,100%,Lazaro,"80,327","1:2,667"
403,100%,Amelia,"80,146","1:2,673"
404,100%,Edilene,"80,064","1:2,676"
405,100%,Nayara,"79,728","1:2,687"
406,100%,Sidney,"79,276","1:2,702"
407,100%,Odete,"78,722","1:2,721"
408,100%,Ruth,"78,672","1:2,723"
409,100%,Karen,"78,581","1:2,726"
410,100%,Rebeca,"78,512","1:2,729"
411,100%,Elizangela,"78,443","1:2,731"
412,100%,Karla,"78,320","1:2,735"
413,100%,Claudinei,"78,281","1:2,737"
414,100%,Raul,"78,246","1:2,738"
415,100%,Washington,"78,203","1:2,739"
416,100%,Eder,"77,845","1:2,752"
417,100%,Michel,"77,686","1:2,758"
418,100%,Agnaldo,"77,644","1:2,759"
419,100%,Gilvan,"77,568","1:2,762"
420,100%,Ademar,"77,349","1:2,770"
421,100%,Sidnei,"77,271","1:2,773"
422,100%,Odair,"77,024","1:2,781"
423,100%,Almir,"77,015","1:2,782"
424,100%,Suzana,"75,890","1:2,823"
425,100%,Everaldo,"75,827","1:2,825"
426,100%,Eliete,"75,682","1:2,831"
427,100%,Cleusa,"75,607","1:2,834"
428,100%,Manuela,"75,471","1:2,839"
429,100%,Elisabete,"75,226","1:2,848"
430,100%,Emanuel,"74,872","1:2,861"
431,100%,Michael,"74,733","1:2,867"
432,100%,Diana,"73,924","1:2,898"
433,100%,Victoria,"73,599","1:2,911"
434,100%,Denilson,"73,565","1:2,912"
435,100%,Emilia,"73,353","1:2,921"
436,57%,Ruan,"73,352","1:2,921"
437,100%,Ezequiel,"73,031","1:2,933"
438,100%,Vanda,"72,966","1:2,936"
439,100%,Paloma,"72,867","1:2,940"
440,99%,Olga,"72,804","1:2,943"
441,100%,Nadir,"72,422","1:2,958"
442,100%,Allan,"72,042","1:2,974"
443,100%,Jussara,"72,033","1:2,974"
444,100%,Juan,"72,014","1:2,975"
445,100%,Joice,"71,904","1:2,979"
446,100%,Rosalina,"71,153","1:3,011"
447,100%,Rejane,"70,814","1:3,025"
448,100%,Ivanildo,"70,787","1:3,026"
449,100%,Marlon,"70,339","1:3,046"
450,100%,Ines,"70,230","1:3,050"
451,100%,Tais,"70,084","1:3,057"
452,100%,Josias,"69,928","1:3,064"
453,100%,Karine,"69,663","1:3,075"
454,100%,Elton,"69,491","1:3,083"
455,100%,Ramon,"69,329","1:3,090"
456,100%,Natanael,"69,049","1:3,103"
457,100%,Elisa,"68,728","1:3,117"
458,100%,Alexandra,"68,696","1:3,119"
459,100%,Humberto,"68,680","1:3,119"
460,100%,Catarina,"67,726","1:3,163"
461,100%,Isaac,"67,351","1:3,181"
462,100%,Denis,"67,321","1:3,182"
463,100%,Ryan,"66,757","1:3,209"
464,97%,Marly,"66,243","1:3,234"
465,100%,Claudete,"66,092","1:3,241"
466,100%,Patrick,"66,013","1:3,245"
467,100%,Raissa,"65,838","1:3,254"
468,100%,Valdomiro,"65,743","1:3,259"
469,100%,Valdecir,"65,529","1:3,269"
470,100%,Angelina,"65,398","1:3,276"
471,100%,Afonso,"65,332","1:3,279"
472,100%,Luisa,"65,071","1:3,292"
473,100%,Telma,"64,912","1:3,300"
474,100%,Ellen,"64,841","1:3,304"
475,100%,Carmem,"64,645","1:3,314"
476,100%,Adalberto,"64,479","1:3,323"
477,100%,Celina,"64,374","1:3,328"
478,100%,Dirce,"64,335","1:3,330"
479,100%,Kauan,"64,301","1:3,332"
480,100%,Jacqueline,"64,178","1:3,338"
481,100%,Arlete,"64,049","1:3,345"
482,100%,Luzinete,"64,032","1:3,346"
483,100%,Cassia,"63,717","1:3,362"
484,95%,Yasmim,"63,288","1:3,385"
485,100%,Jandira,"62,952","1:3,403"
486,100%,Zelia,"62,738","1:3,415"
487,100%,Rosimeire,"62,542","1:3,425"
488,71%,Darci,"62,496","1:3,428"
489,100%,Geni,"62,448","1:3,431"
490,100%,Valdirene,"62,339","1:3,437"
491,100%,Daiana,"62,238","1:3,442"
492,100%,Rodolfo,"62,204","1:3,444"
493,100%,Oscar,"61,939","1:3,459"
494,100%,Suelen,"61,899","1:3,461"
495,100%,Emily,"61,682","1:3,473"
496,100%,Geovana,"61,459","1:3,486"
497,71%,Rayane,"61,456","1:3,486"
498,95%,Josimar,"61,289","1:3,496"
499,100%,Monique,"61,269","1:3,497"
500,100%,Elizete,"61,216","1:3,500"
501,100%,Airton,"61,112","1:3,506"
502,100%,Valentina,"61,105","1:3,506"
503,100%,Gislaine,"60,888","1:3,519"
504,100%,Clovis,"60,681","1:3,531"
505,100%,Romario,"60,646","1:3,533"
506,64%,Maycon,"60,619","1:3,534"
507,100%,Elvira,"60,617","1:3,534"
508,100%,Ariane,"60,581","1:3,536"
509,100%,Laercio,"60,425","1:3,545"
510,100%,Lucio,"60,298","1:3,553"
511,100%,Vilmar,"60,204","1:3,559"
512,100%,Olivia,"60,144","1:3,562"
513,100%,Roque,"59,464","1:3,603"
514,100%,Waldemar,"59,289","1:3,613"
515,100%,Iolanda,"59,268","1:3,615"
516,100%,Claudemir,"59,166","1:3,621"
517,100%,Keila,"59,126","1:3,623"
518,100%,Shirley,"59,087","1:3,626"
519,100%,Amaro,"58,934","1:3,635"
520,100%,Nicole,"58,918","1:3,636"
521,100%,Oswaldo,"58,553","1:3,659"
522,100%,Melissa,"58,319","1:3,674"
523,100%,Ednaldo,"57,718","1:3,712"
524,100%,Jurandir,"57,642","1:3,717"
525,100%,Edgar,"57,461","1:3,728"
526,100%,Joseane,"57,274","1:3,741"
527,67%,Juraci,"57,190","1:3,746"
528,100%,Rosiane,"57,071","1:3,754"
529,100%,Evelyn,"57,053","1:3,755"
530,100%,António,"56,696","1:3,779"
531,100%,Djalma,"56,532","1:3,790"
532,100%,Edinaldo,"56,516","1:3,791"
533,100%,Lauro,"56,233","1:3,810"
534,100%,Mariane,"55,932","1:3,830"
535,100%,Poliana,"55,791","1:3,840"
536,100%,Noemia,"55,719","1:3,845"
537,100%,Divino,"55,655","1:3,849"
538,100%,Gabrielle,"55,545","1:3,857"
539,100%,Cosme,"55,487","1:3,861"
540,100%,Silvania,"55,218","1:3,880"
541,100%,Domingas,"55,159","1:3,884"
542,100%,Geovane,"54,997","1:3,895"
543,100%,Kleber,"54,782","1:3,911"
544,100%,Salvador,"54,756","1:3,913"
545,100%,Edmar,"54,740","1:3,914"
546,100%,Marilda,"54,682","1:3,918"
547,100%,Ilda,"54,587","1:3,925"
548,100%,Damiana,"54,529","1:3,929"
549,100%,Genivaldo,"54,476","1:3,933"
550,100%,Romulo,"54,433","1:3,936"
551,100%,Edite,"54,347","1:3,942"
552,100%,Glaucia,"54,239","1:3,950"
553,100%,Richard,"54,213","1:3,952"
554,100%,Catia,"54,205","1:3,952"
555,100%,Valdete,"54,161","1:3,956"
556,100%,Jhonatan,"54,051","1:3,964"
557,100%,Taina,"53,850","1:3,978"
558,100%,Dirceu,"53,758","1:3,985"
559,100%,Aurea,"53,679","1:3,991"
560,100%,Rayssa,"53,610","1:3,996"
561,100%,Valquiria,"53,594","1:3,997"
562,100%,Jonatas,"53,510","1:4,004"
563,100%,Maiara,"53,463","1:4,007"
564,100%,Cassio,"53,331","1:4,017"
565,100%,Junior,"53,118","1:4,033"
566,100%,Norma,"53,015","1:4,041"
567,100%,Creuza,"52,947","1:4,046"
568,100%,Mariza,"52,946","1:4,046"
569,100%,Wallace,"52,878","1:4,052"
570,100%,Lindomar,"52,729","1:4,063"
571,100%,Evaldo,"52,726","1:4,063"
572,85%,Gabrielly,"52,663","1:4,068"
573,100%,Itamar,"52,482","1:4,082"
574,100%,Vivian,"52,472","1:4,083"
575,100%,Isabelly,"52,417","1:4,087"
576,100%,Fabiola,"52,359","1:4,092"
577,100%,Alana,"52,173","1:4,106"
578,100%,Vilson,"52,165","1:4,107"
579,100%,Kaio,"51,966","1:4,123"
580,100%,Rosemeire,"51,963","1:4,123"
581,100%,Inacio,"51,922","1:4,126"
582,100%,Adailton,"51,750","1:4,140"
583,100%,Ivanete,"51,529","1:4,158"
584,100%,Edison,"51,491","1:4,161"
585,100%,Gabriella,"51,089","1:4,193"
586,100%,Carmelita,"51,064","1:4,195"
587,100%,Isabelle,"50,961","1:4,204"
588,92%,Iris,"50,884","1:4,210"
589,100%,Fabiane,"50,843","1:4,214"
590,100%,Lindalva,"50,678","1:4,227"
591,100%,Juliane,"50,637","1:4,231"
592,100%,Rute,"50,592","1:4,235"
593,100%,Leidiane,"50,331","1:4,257"
594,100%,Sirlene,"50,262","1:4,262"
595,100%,Irineu,"50,220","1:4,266"
596,100%,Agenor,"50,214","1:4,266"
597,100%,Alaide,"50,189","1:4,269"
598,100%,Jesus,"49,925","1:4,291"
599,100%,Jeane,"49,830","1:4,299"
600,100%,Adelia,"49,798","1:4,302"
601,100%,Deise,"49,412","1:4,336"
602,100%,Cleuza,"49,394","1:4,337"
603,100%,Naiara,"49,183","1:4,356"
604,100%,Saulo,"49,162","1:4,358"
605,100%,Ivete,"49,125","1:4,361"
606,100%,Madalena,"49,086","1:4,365"
607,100%,Nadia,"48,979","1:4,374"
608,100%,Lucineide,"48,942","1:4,377"
609,99%,Cristian,"48,863","1:4,384"
610,100%,Euclides,"48,830","1:4,387"
611,100%,Juvenal,"48,691","1:4,400"
612,100%,Eric,"48,690","1:4,400"
613,100%,Waldir,"48,244","1:4,441"
614,100%,Gabriele,"48,072","1:4,457"
615,100%,Sirlei,"47,913","1:4,471"
616,100%,Quiteria,"47,866","1:4,476"
617,100%,Divina,"47,838","1:4,478"
618,100%,Diva,"47,826","1:4,479"
619,100%,Nubia,"47,700","1:4,491"
620,100%,Rosilda,"47,581","1:4,503"
621,100%,Jennifer,"47,487","1:4,511"
622,100%,Maristela,"47,327","1:4,527"
623,100%,Jacira,"47,206","1:4,538"
624,100%,Wanderley,"47,177","1:4,541"
625,100%,Messias,"47,116","1:4,547"
626,100%,Frederico,"46,956","1:4,562"
627,100%,Elenice,"46,761","1:4,582"
628,100%,Elizeu,"46,643","1:4,593"
629,100%,Marinete,"46,617","1:4,596"
630,96%,Altair,"46,541","1:4,603"
631,100%,Lucimara,"46,496","1:4,608"
632,100%,George,"46,334","1:4,624"
633,100%,Erivaldo,"46,076","1:4,650"
634,100%,Paola,"46,008","1:4,656"
635,100%,Nilda,"45,963","1:4,661"
636,100%,Rosineide,"45,846","1:4,673"
637,99%,Ivani,"45,844","1:4,673"
638,100%,Virginia,"45,771","1:4,681"
639,100%,Rose,"45,741","1:4,684"
640,100%,Expedito,"45,736","1:4,684"
641,100%,Adriane,"45,733","1:4,684"
642,100%,José,"45,670","1:4,691"
643,100%,Maura,"45,525","1:4,706"
644,100%,Carina,"45,466","1:4,712"
645,100%,Ligia,"45,368","1:4,722"
646,100%,Aldo,"45,104","1:4,750"
647,100%,Alexandro,"45,102","1:4,750"
648,100%,Jailton,"44,926","1:4,769"
649,100%,Esther,"44,912","1:4,770"
650,100%,Margarete,"44,764","1:4,786"
651,100%,Iago,"44,722","1:4,790"
652,100%,Rosemary,"44,656","1:4,797"
653,100%,Doralice,"44,575","1:4,806"
654,100%,Thalita,"44,568","1:4,807"
655,100%,Tainara,"44,517","1:4,812"
656,100%,Hamilton,"44,345","1:4,831"
657,100%,Hellen,"44,247","1:4,842"
658,100%,Anne,"44,180","1:4,849"
659,100%,Kaique,"43,904","1:4,880"
660,100%,Salete,"43,896","1:4,881"
661,100%,Lucineia,"43,831","1:4,888"
662,100%,Anita,"43,797","1:4,892"
663,100%,Raiane,"43,720","1:4,900"
664,100%,Eugenio,"43,676","1:4,905"
665,100%,Ernesto,"43,665","1:4,906"
666,100%,Adelaide,"43,615","1:4,912"
667,100%,Patrícia,"43,477","1:4,928"
668,100%,Zenaide,"43,468","1:4,929"
669,100%,Gloria,"43,464","1:4,929"
670,100%,Adelina,"43,353","1:4,942"
671,100%,Silmara,"43,352","1:4,942"
672,100%,Wilma,"43,347","1:4,942"
673,100%,Ari,"43,145","1:4,965"
674,100%,Cristiana,"43,014","1:4,981"
675,100%,Marcelino,"42,996","1:4,983"
676,100%,Pietro,"42,873","1:4,997"
677,84%,Caua,"42,743","1:5,012"
678,100%,Lorenzo,"42,651","1:5,023"
679,100%,John,"42,603","1:5,029"
680,100%,Josilene,"42,582","1:5,031"
681,100%,Eliza,"42,539","1:5,036"
682,100%,Joelson,"42,532","1:5,037"
683,100%,Agatha,"42,388","1:5,054"
684,100%,Leda,"42,358","1:5,058"
685,100%,Romildo,"42,275","1:5,068"
686,100%,Suellen,"42,208","1:5,076"
687,100%,Roseane,"42,182","1:5,079"
688,100%,Amauri,"42,045","1:5,095"
689,100%,Edileuza,"42,033","1:5,097"
690,100%,Amarildo,"41,936","1:5,109"
691,100%,Priscilla,"41,786","1:5,127"
692,100%,Magno,"41,650","1:5,144"
693,100%,Agostinho,"41,640","1:5,145"
694,100%,Izaias,"41,479","1:5,165"
695,100%,Dario,"41,417","1:5,173"
696,100%,Adelino,"41,395","1:5,175"
697,100%,Nathan,"41,390","1:5,176"
698,100%,Robert,"41,158","1:5,205"
699,99%,Edimar,"41,091","1:5,214"
700,100%,Clayton,"41,059","1:5,218"
701,100%,Max,"41,025","1:5,222"
702,100%,Alexsandra,"40,951","1:5,232"
703,73%,Eli,"40,924","1:5,235"
704,100%,Dulce,"40,916","1:5,236"
705,100%,Rui,"40,770","1:5,255"
706,100%,Genival,"40,656","1:5,269"
707,100%,Izaura,"40,613","1:5,275"
708,100%,Judite,"40,578","1:5,280"
709,100%,Dilma,"40,518","1:5,287"
710,100%,Christian,"40,399","1:5,303"
711,85%,Irani,"40,319","1:5,314"
712,100%,Giovani,"40,192","1:5,330"
713,100%,Roger,"40,142","1:5,337"
714,100%,Lavinia,"40,072","1:5,346"
715,100%,Albertina,"40,038","1:5,351"
716,100%,Genilson,"39,990","1:5,357"
717,100%,Levi,"39,838","1:5,378"
718,100%,Tamara,"39,772","1:5,387"
719,100%,Valdivino,"39,749","1:5,390"
720,100%,Leonice,"39,741","1:5,391"
721,100%,Adenilson,"39,725","1:5,393"
721,100%,Antenor,"39,725","1:5,393"
721,100%,Ivanilda,"39,725","1:5,393"
724,100%,Isaura,"39,509","1:5,422"
725,100%,Sérgio,"39,496","1:5,424"
726,100%,Karoline,"39,483","1:5,426"
727,83%,Emanuelly,"39,402","1:5,437"
728,100%,Therezinha,"39,204","1:5,465"
729,90%,Adair,"39,201","1:5,465"
730,100%,Olinda,"39,176","1:5,469"
731,100%,Elson,"39,149","1:5,472"
732,100%,Amilton,"39,133","1:5,475"
733,100%,Alda,"38,956","1:5,499"
734,100%,Kamila,"38,811","1:5,520"
735,100%,Zulmira,"38,742","1:5,530"
736,100%,Claudionor,"38,678","1:5,539"
737,100%,Vanusa,"38,581","1:5,553"
738,100%,Marluce,"38,578","1:5,553"
739,100%,Edimilson,"38,388","1:5,581"
740,100%,Abel,"38,378","1:5,582"
741,100%,Angelita,"38,185","1:5,610"
742,100%,Yago,"38,161","1:5,614"
743,100%,Marcilene,"38,075","1:5,627"
743,100%,Valdinei,"38,075","1:5,627"
745,100%,Isaque,"38,014","1:5,636"
746,92%,Thaina,"37,951","1:5,645"
747,100%,Adelson,"37,876","1:5,656"
748,100%,Getulio,"37,842","1:5,661"
749,99%,Thayna,"37,786","1:5,670"
750,100%,Rafaella,"37,655","1:5,689"
751,100%,Marizete,"37,638","1:5,692"
752,100%,Graziela,"37,579","1:5,701"
753,100%,Otacilio,"37,540","1:5,707"
754,100%,Josefina,"37,465","1:5,718"
755,100%,Helen,"37,403","1:5,728"
756,100%,Rosalia,"37,392","1:5,729"
757,100%,Bento,"37,344","1:5,737"
758,100%,Geovanna,"37,263","1:5,749"
759,100%,Aguinaldo,"37,134","1:5,769"
760,100%,Maira,"37,123","1:5,771"
761,100%,Gessica,"37,028","1:5,786"
762,100%,Silas,"36,989","1:5,792"
763,100%,Ederson,"36,964","1:5,796"
764,98%,Guiomar,"36,926","1:5,802"
765,100%,Deivid,"36,842","1:5,815"
766,100%,Yan,"36,649","1:5,846"
767,100%,Mary,"36,462","1:5,876"
768,100%,Edmundo,"36,449","1:5,878"
769,100%,Thereza,"36,338","1:5,896"
770,100%,Magda,"36,323","1:5,898"
771,74%,Alcione,"36,263","1:5,908"
772,100%,Marilza,"36,219","1:5,915"
773,100%,Josenildo,"36,215","1:5,916"
774,100%,Jeronimo,"36,207","1:5,917"
775,100%,Creusa,"36,179","1:5,922"
776,100%,Julieta,"36,138","1:5,928"
777,100%,Higor,"35,967","1:5,956"
778,100%,Gilmara,"35,929","1:5,963"
779,100%,Leonor,"35,914","1:5,965"
780,100%,Dorival,"35,890","1:5,969"
781,100%,Tarcisio,"35,847","1:5,976"
782,100%,Yara,"35,815","1:5,982"
783,100%,Bernadete,"35,790","1:5,986"
784,100%,Eliseu,"35,726","1:5,997"
785,100%,Aristides,"35,648","1:6,010"
786,100%,Joselia,"35,583","1:6,021"
787,88%,Thamires,"35,523","1:6,031"
788,100%,Eraldo,"35,485","1:6,037"
789,100%,Erik,"35,409","1:6,050"
790,100%,Zenilda,"35,256","1:6,077"
791,100%,Deborah,"35,193","1:6,087"
792,100%,Stefany,"35,011","1:6,119"
793,100%,Jamile,"34,850","1:6,147"
794,100%,Idalina,"34,825","1:6,152"
795,100%,Maisa,"34,806","1:6,155"
796,100%,Josiel,"34,492","1:6,211"
797,100%,Elóisa,"34,400","1:6,228"
798,100%,Silvano,"34,355","1:6,236"
799,100%,Edivan,"34,205","1:6,263"
800,70%,Kaue,"34,123","1:6,278"
801,100%,Graziele,"34,094","1:6,284"
802,100%,Ilza,"34,039","1:6,294"
803,100%,Aloisio,"34,038","1:6,294"
804,62%,Adriele,"34,018","1:6,298"
805,100%,Emilio,"33,951","1:6,310"
806,100%,Edina,"33,924","1:6,315"
807,100%,Bryan,"33,807","1:6,337"
808,100%,Eliezer,"33,533","1:6,389"
809,100%,Gelson,"33,410","1:6,412"
810,100%,Gilda,"33,387","1:6,417"
811,100%,Ione,"33,353","1:6,423"
812,100%,Welington,"33,333","1:6,427"
813,100%,Neli,"33,315","1:6,431"
814,100%,Giselle,"33,111","1:6,470"
815,100%,Gislene,"33,052","1:6,482"
816,100%,Aurora,"33,050","1:6,482"
817,100%,Matilde,"33,047","1:6,483"
818,100%,Ilma,"33,017","1:6,489"
819,100%,Donizete,"32,949","1:6,502"
820,100%,Emanuelle,"32,944","1:6,503"
821,100%,Manuella,"32,936","1:6,505"
822,100%,Valdeir,"32,853","1:6,521"
823,100%,Mayra,"32,677","1:6,556"
824,100%,Alicia,"32,492","1:6,594"
825,100%,Thales,"32,411","1:6,610"
826,100%,Ivanilde,"32,280","1:6,637"
827,100%,Vanderleia,"32,279","1:6,637"
828,100%,Elisabeth,"32,244","1:6,644"
829,100%,Romilda,"32,192","1:6,655"
830,78%,Nicolly,"32,151","1:6,663"
831,100%,Weslley,"32,089","1:6,676"
832,100%,Kevin,"32,088","1:6,677"
833,100%,Francilene,"32,067","1:6,681"
834,100%,Valdelice,"32,058","1:6,683"
835,100%,Natalina,"32,030","1:6,689"
836,61%,Josemar,"31,984","1:6,698"
837,100%,Stephanie,"31,962","1:6,703"
838,100%,Anselmo,"31,935","1:6,709"
839,100%,Leandra,"31,926","1:6,710"
840,100%,Lindinalva,"31,902","1:6,715"
841,100%,Jurema,"31,872","1:6,722"
842,100%,Marineide,"31,861","1:6,724"
843,100%,Claudineia,"31,737","1:6,750"
844,100%,Milene,"31,701","1:6,758"
845,65%,Darcy,"31,653","1:6,768"
846,100%,Eliel,"31,592","1:6,781"
847,100%,Luci,"31,556","1:6,789"
848,100%,Ronald,"31,444","1:6,813"
849,100%,Meire,"31,404","1:6,822"
850,98%,Fagner,"31,329","1:6,838"
851,100%,Analia,"31,320","1:6,840"
852,100%,Clodoaldo,"31,285","1:6,848"
853,100%,Hudson,"31,282","1:6,849"
854,100%,Jenifer,"31,273","1:6,851"
855,100%,Almerinda,"31,142","1:6,879"
856,100%,Rosimar,"31,088","1:6,891"
857,100%,Joaquina,"31,075","1:6,894"
858,100%,Lucelia,"31,059","1:6,898"
859,100%,Maurilio,"30,987","1:6,914"
860,100%,Vanilda,"30,919","1:6,929"
861,100%,Marines,"30,863","1:6,942"
862,100%,Fabricia,"30,814","1:6,953"
863,100%,Anthony,"30,758","1:6,965"
864,100%,Wendel,"30,739","1:6,970"
865,100%,Lourenco,"30,725","1:6,973"
866,100%,Neiva,"30,506","1:7,023"
867,100%,Mercedes,"30,457","1:7,034"
868,100%,Isis,"30,388","1:7,050"
869,100%,Elio,"30,355","1:7,058"
870,100%,Marcilio,"30,343","1:7,060"
871,100%,Camilla,"30,314","1:7,067"
872,100%,Givaldo,"30,310","1:7,068"
873,100%,Jaciara,"30,264","1:7,079"
874,100%,Paulina,"30,238","1:7,085"
875,100%,Jadson,"30,188","1:7,097"
876,100%,Manoela,"30,103","1:7,117"
877,100%,Jucilene,"30,070","1:7,125"
878,100%,Nara,"29,956","1:7,152"
879,89%,Alison,"29,922","1:7,160"
880,100%,Felix,"29,903","1:7,164"
881,100%,Braz,"29,812","1:7,186"
882,100%,Euripedes,"29,792","1:7,191"
883,100%,Dalila,"29,757","1:7,200"
884,96%,Iracy,"29,750","1:7,201"
885,100%,Natan,"29,712","1:7,210"
886,100%,Icaro,"29,711","1:7,211"
887,100%,Edinalva,"29,658","1:7,224"
888,100%,Janice,"29,639","1:7,228"
889,100%,Durval,"29,620","1:7,233"
889,100%,Everson,"29,620","1:7,233"
891,100%,Paulino,"29,591","1:7,240"
892,100%,Wilton,"29,587","1:7,241"
893,100%,Mariano,"29,560","1:7,248"
894,100%,Enio,"29,534","1:7,254"
895,100%,Ademilson,"29,453","1:7,274"
896,100%,Ieda,"29,439","1:7,277"
897,100%,Ulisses,"29,434","1:7,279"
898,91%,Dione,"29,410","1:7,284"
899,100%,Nilo,"29,368","1:7,295"
900,100%,Abilio,"29,318","1:7,307"
901,100%,Heleno,"29,301","1:7,312"
902,100%,Avelino,"29,293","1:7,314"
903,100%,Juscelino,"29,276","1:7,318"
904,100%,Edith,"29,011","1:7,385"
905,53%,Juracy,"28,994","1:7,389"
906,100%,Geane,"28,965","1:7,396"
907,100%,Genesio,"28,949","1:7,400"
908,100%,Dolores,"28,933","1:7,405"
908,100%,Lindaura,"28,933","1:7,405"
910,100%,Andrey,"28,912","1:7,410"
911,100%,Caique,"28,898","1:7,414"
912,100%,Odilon,"28,858","1:7,424"
913,100%,Americo,"28,796","1:7,440"
914,100%,Ananias,"28,787","1:7,442"
915,100%,Amadeu,"28,677","1:7,471"
916,100%,Adolfo,"28,674","1:7,471"
917,100%,Giovanni,"28,595","1:7,492"
918,100%,Elvis,"28,577","1:7,497"
919,-,Cláudio,"28,493","1:7,519"
920,51%,Eurides,"28,442","1:7,532"
921,-,Claúdia,"28,359","1:7,554"
921,100%,Jardel,"28,359","1:7,554"
923,100%,Candida,"28,339","1:7,560"
924,100%,Albino,"28,300","1:7,570"
925,100%,Marivaldo,"28,283","1:7,575"
926,100%,James,"28,107","1:7,622"
927,100%,Goncalo,"28,080","1:7,629"
928,100%,Vanderson,"28,046","1:7,639"
929,100%,Marciano,"28,028","1:7,644"
930,100%,Edivania,"27,877","1:7,685"
931,100%,Dayana,"27,869","1:7,687"
932,100%,Samira,"27,825","1:7,699"
933,100%,Maciel,"27,800","1:7,706"
934,100%,Weverton,"27,780","1:7,712"
935,100%,Santina,"27,710","1:7,731"
936,100%,Haroldo,"27,690","1:7,737"
937,100%,Josivaldo,"27,654","1:7,747"
938,100%,Rene,"27,619","1:7,757"
939,100%,Jesse,"27,597","1:7,763"
940,100%,Augusta,"27,594","1:7,764"
941,100%,Cibele,"27,575","1:7,769"
942,100%,Antonieta,"27,547","1:7,777"
943,100%,Nelci,"27,518","1:7,785"
944,100%,Enedina,"27,443","1:7,807"
945,100%,Jovelina,"27,405","1:7,817"
946,100%,Elcio,"27,388","1:7,822"
947,100%,Givanildo,"27,371","1:7,827"
948,100%,Francinete,"27,237","1:7,866"
949,100%,Natalino,"27,209","1:7,874"
950,100%,Dionisio,"27,188","1:7,880"
951,100%,Adauto,"27,171","1:7,885"
952,100%,Joselito,"27,150","1:7,891"
953,100%,Berenice,"27,083","1:7,910"
954,100%,Inez,"27,054","1:7,919"
955,100%,Judith,"27,032","1:7,925"
956,100%,Theo,"27,024","1:7,928"
957,100%,Irma,"26,999","1:7,935"
958,100%,Margareth,"26,995","1:7,936"
959,100%,Abraao,"26,956","1:7,948"
960,100%,Aurelio,"26,947","1:7,950"
961,100%,Daniella,"26,937","1:7,953"
962,100%,Lazara,"26,926","1:7,956"
963,96%,Gean,"26,886","1:7,968"
964,100%,Ewerton,"26,822","1:7,987"
965,100%,Giulia,"26,813","1:7,990"
966,73%,Thays,"26,791","1:7,997"
967,100%,Nestor,"26,788","1:7,997"
968,83%,Adrian,"26,722","1:8,017"
969,100%,Emanoel,"26,705","1:8,022"
970,100%,Zuleide,"26,653","1:8,038"
971,100%,Olavo,"26,593","1:8,056"
972,100%,Izabela,"26,584","1:8,059"
973,100%,Leonilda,"26,499","1:8,085"
974,53%,Ivanir,"26,447","1:8,101"
975,100%,Rogério,"26,402","1:8,114"
976,100%,Jeniffer,"26,349","1:8,131"
977,100%,Cacilda,"26,317","1:8,141"
977,100%,Onofre,"26,317","1:8,141"
979,100%,Rivaldo,"26,286","1:8,150"
980,100%,Cinthia,"26,257","1:8,159"
980,100%,Ian,"26,257","1:8,159"
982,100%,Filomena,"26,246","1:8,163"
983,100%,Cleidiane,"26,207","1:8,175"
984,100%,Franklin,"26,199","1:8,177"
985,100%,Isac,"26,176","1:8,184"
986,100%,Thalia,"26,056","1:8,222"
987,100%,Estela,"26,038","1:8,228"
988,100%,Gleice,"25,936","1:8,260"
989,100%,Edvan,"25,904","1:8,270"
990,100%,Zilma,"25,893","1:8,274"
991,100%,Otilia,"25,890","1:8,275"
992,100%,Gildete,"25,853","1:8,287"
993,97%,Laryssa,"25,793","1:8,306"
994,100%,Leonel,"25,759","1:8,317"
995,100%,Romeu,"25,753","1:8,319"
996,100%,Ivana,"25,665","1:8,347"
997,100%,Cezar,"25,564","1:8,380"
998,100%,Ariel,"25,554","1:8,384"
999,100%,Rosely,"25,538","1:8,389"
1000,100%,Ary,"25,435","1:8,423"