Rank,Surname,Incidence,Frequency
1,da Silva,"12,585,868",01:17
2,dos Santos,"7,427,753",01:29
3,Pereira,"5,594,058",01:38
4,Alves,"4,872,987",01:44
5,Ferreira,"4,848,931",01:44
6,Rodrigues,"4,197,229",01:51
7,Silva,"4,080,029",01:52
8,de Oliveira,"3,972,807",01:54
9,de Souza,"3,598,845",01:59
10,Gomes,"2,911,536",02:14
11,Santos,"2,902,750",02:14
12,Oliveira,"2,302,086",02:33
13,Ribeiro,"2,108,131",02:42
14,de Jesus,"1,963,741",02:49
15,Soares,"1,786,065",03:00
16,Martins,"1,739,143",03:03
17,Barbosa,"1,711,235",03:05
18,Vieira,"1,566,819",03:17
19,Souza,"1,548,475",03:18
20,Lopes,"1,536,740",03:19
21,Lima,"1,511,714",03:22
22,Batista,"1,457,078",03:27
23,Fernandes,"1,431,583",03:30
24,Costa,"1,395,868",03:33
25,de Sousa,"1,303,835",03:44
26,Dias,"1,281,719",03:47
27,da Conceiçao,"1,228,358",03:54
28,de Lima,"1,208,390",03:57
29,do Nascimento,"1,102,256",04:14
30,Moreira,"1,086,513",04:17
31,Nunes,"1,061,865",04:22
32,da Costa,"1,031,067",04:28
33,Araujo,"975,453",04:39
34,Marques,"926,646",04:51
35,Cardoso,"921,343",04:52
36,de Almeida,"901,694",04:57
37,Mendes,"885,997",05:02
38,Nascimento,"852,367",05:11
39,Teixeira,"831,731",05:17
40,Ramos,"827,932",05:19
41,Carvalho,"799,060",05:28
42,Rosa,"781,223",05:34
43,Almeida,"760,825",05:41
44,Sousa,"739,713",05:49
45,Machado,"737,478",05:50
46,Rocha,"722,121",05:56
47,Santana,"698,062",06:07
48,de Araujo,"685,654",06:12
49,Borges,"629,476",06:40
50,Bezerra,"610,735",06:51
51,Henrique,"608,350",06:52
52,Pinheiro,"549,257",07:30
53,de Carvalho,"543,544",07:34
54,Monteiro,"541,957",07:35
55,Correa,"513,996",07:56
56,Aparecido,"507,978",08:01
57,Andrade,"503,830",08:05
58,Pinto,"497,956",08:10
59,da Cruz,"464,687",08:41
60,de Paula,"456,440",08:49
61,de Freitas,"451,062",08:55
62,Nogueira,"428,781",09:19
63,Leite,"423,833",09:25
64,Tavares,"423,326",09:26
65,Miranda,"415,415",09:35
66,Pires,"403,979",09:50
67,Garcia,"402,190",09:52
68,dos Reis,"400,939",09:54
69,Xavier,"398,565",09:57
70,do Carmo,"397,359",09:59
71,Duarte,"393,746",10:04
72,de Andrade,"392,362",10:06
73,Freitas,"388,605",10:11
74,Correia,"387,984",10:12
75,de Fatima,"379,332",10:24
76,Barros,"376,207",10:29
77,Coelho,"373,259",10:34
78,Gonçalves,"365,175",10:46
79,de Melo,"364,280",10:48
80,Reis,"363,032",10:50
81,Viana,"359,146",10:56
82,Campos,"353,285",11:06
83,Moraes,"341,425",11:27
84,Felix,"335,460",11:38
85,Brito,"330,188",11:48
86,Cordeiro,"323,683",12:01
87,Neves,"317,356",12:15
88,Moura,"315,693",12:18
89,Guimaraes,"312,941",12:24
90,Farias,"309,849",12:31
91,da Rocha,"307,922",12:35
92,de Castro,"302,272",12:48
93,Carneiro,"282,163",13:39
94,Silveira,"281,723",13:40
95,Candido,"280,772",13:42
96,Melo,"280,017",13:45
97,Medeiros,"275,632",13:57
98,de Assis,"275,255",13:58
99,Bispo,"273,260",14:03
100,de Lourdes,"263,695",14:32
101,Cruz,"257,252",14:52
102,Dantas,"255,067",14:59
103,Maciel,"254,685",15:01
104,Morais,"250,547",15:14
105,Braga,"249,734",15:17
106,Cavalcante,"249,530",15:18
107,Antunes,"246,306",15:29
108,Siqueira,"246,256",15:29
109,de Moura,"240,657",15:50
110,Domingos,"233,236",16:18
111,Macedo,"231,352",16:25
112,de Santana,"231,183",16:26
113,Fonseca,"230,440",16:29
114,Caetano,"223,141",16:59
115,Castro,"222,326",17:03
116,Menezes,"217,325",17:25
117,da Cunha,"214,741",17:37
118,de Moraes,"214,170","1:1,000"
119,dos Anjos,"213,701","1:1,002"
120,Inacio,"213,577","1:1,002"
121,Matos,"211,519","1:1,012"
122,Sales,"210,991","1:1,015"
123,Cunha,"206,386","1:1,037"
124,Chaves,"201,883","1:1,060"
125,de Brito,"200,809","1:1,066"
126,Barreto,"196,408","1:1,090"
127,Queiroz,"196,382","1:1,090"
128,Magalhaes,"196,330","1:1,090"
129,Azevedo,"195,243","1:1,096"
130,Mota,"194,724","1:1,099"
131,Evangelista,"193,368","1:1,107"
132,Bento,"192,202","1:1,114"
133,Maia,"189,655","1:1,129"
134,Amorim,"189,626","1:1,129"
135,Cabral,"188,922","1:1,133"
136,Bueno,"188,768","1:1,134"
137,Mariano,"187,465","1:1,142"
138,Torres,"185,312","1:1,155"
139,Franca,"184,281","1:1,162"
140,Marinho,"184,020","1:1,163"
141,Amaral,"183,373","1:1,167"
142,Guedes,"181,533","1:1,179"
143,Freire,"178,678","1:1,198"
144,Leal,"178,469","1:1,200"
145,da Rosa,"176,058","1:1,216"
146,Matias,"173,901","1:1,231"
147,Paulino,"173,060","1:1,237"
148,Sampaio,"170,597","1:1,255"
149,Das Gracas,"164,723","1:1,300"
150,Mendonca,"164,247","1:1,303"
151,Camargo,"163,943","1:1,306"
152,Franco,"161,050","1:1,329"
153,Pacheco,"160,341","1:1,335"
154,Sántos,"159,613","1:1,341"
155,Aguiar,"156,923","1:1,364"
156,de Barros,"156,623","1:1,367"
157,de Morais,"156,515","1:1,368"
158,Diniz,"155,960","1:1,373"
159,Santiago,"154,628","1:1,384"
160,Figueiredo,"152,847","1:1,401"
161,Lemos,"151,185","1:1,416"
162,Muniz,"150,030","1:1,427"
163,Dutra,"148,356","1:1,443"
164,Bastos,"147,738","1:1,449"
165,da Silveira,"147,001","1:1,456"
166,Vasconcelos,"143,345","1:1,493"
167,de Azevedo,"140,958","1:1,519"
168,da Luz,"139,608","1:1,533"
169,Faria,"139,124","1:1,539"
170,Trindade,"138,138","1:1,550"
171,Gonzaga,"137,018","1:1,562"
172,Domingues,"135,967","1:1,574"
173,Paiva,"133,468","1:1,604"
174,Feitosa,"131,941","1:1,623"
175,de Abreu,"131,781","1:1,624"
176,Teles,"128,588","1:1,665"
177,de Matos,"126,128","1:1,697"
178,Braz,"125,793","1:1,702"
179,Coutinho,"124,628","1:1,718"
180,Nonato,"124,314","1:1,722"
181,Messias,"123,556","1:1,733"
182,Chagas,"123,386","1:1,735"
183,Simoes,"121,917","1:1,756"
184,Fagundes,"121,460","1:1,763"
185,Brandao,"121,178","1:1,767"
186,Das Dores,"120,154","1:1,782"
187,Teodoro,"119,826","1:1,787"
188,Firmino,"119,644","1:1,789"
189,Vaz,"118,617","1:1,805"
190,de Campos,"117,711","1:1,819"
191,Barboza,"116,810","1:1,833"
192,Das Chagas,"116,677","1:1,835"
193,Galdino,"116,157","1:1,843"
194,Custodio,"112,865","1:1,897"
195,Abreu,"112,380","1:1,905"
196,Das Neves,"111,768","1:1,915"
197,Peixoto,"110,352","1:1,940"
198,Ferraz,"109,412","1:1,957"
199,Rezende,"106,521","1:2,010"
200,Furtado,"106,239","1:2,015"
201,Neto,"105,432","1:2,030"
202,de Franca,"104,120","1:2,056"
203,Sena,"103,500","1:2,068"
204,de Medeiros,"101,961","1:2,100"
205,Lacerda,"101,638","1:2,106"
206,Pimentel,"100,761","1:2,125"
207,Assis,"100,349","1:2,133"
208,Damasceno,"99,911","1:2,143"
209,da Fonseca,"99,513","1:2,151"
210,Rodriguês,"99,410","1:2,153"
211,Mesquita,"99,300","1:2,156"
212,Albuquerque,"98,223","1:2,179"
213,Pessoa,"97,641","1:2,192"
214,Arruda,"95,697","1:2,237"
215,do Amaral,"95,169","1:2,249"
216,Amaro,"95,056","1:2,252"
217,Pontes,"94,765","1:2,259"
218,Afonso,"94,323","1:2,270"
219,Sabino,"93,760","1:2,283"
220,de Sa,"93,727","1:2,284"
221,Saraiva,"92,853","1:2,306"
222,Candida,"92,412","1:2,317"
223,Camilo,"92,215","1:2,321"
224,Peres,"91,324","1:2,344"
225,Pedroso,"90,582","1:2,363"
226,Cerqueira,"90,552","1:2,364"
227,Lira,"89,911","1:2,381"
228,Galvao,"89,888","1:2,382"
229,de Aguiar,"89,045","1:2,404"
230,do Socorro,"88,729","1:2,413"
231,Venancio,"88,460","1:2,420"
232,Faustino,"88,158","1:2,428"
233,Lisboa,"87,788","1:2,439"
234,Vargas,"87,139","1:2,457"
235,Passos,"86,613","1:2,472"
236,Lemes,"86,520","1:2,474"
237,Gama,"85,878","1:2,493"
238,Roque,"85,867","1:2,493"
239,de Faria,"85,777","1:2,496"
240,Cezar,"84,462","1:2,535"
241,de Queiroz,"84,341","1:2,538"
242,de Mello,"84,209","1:2,542"
243,Prado,"84,207","1:2,542"
244,Bernardes,"84,145","1:2,544"
245,Tomaz,"83,985","1:2,549"
246,de Paiva,"83,058","1:2,577"
247,Justino,"81,174","1:2,637"
248,Barroso,"80,648","1:2,654"
249,Porto,"80,423","1:2,662"
250,Pereira da Silva,"80,395","1:2,663"
251,Padilha,"80,097","1:2,673"
252,Sanches,"78,735","1:2,719"
253,do Espirito Santo,"78,523","1:2,726"
254,de Farias,"77,920","1:2,747"
255,Serafim,"77,290","1:2,770"
256,Cavalcanti,"77,191","1:2,773"
257,do Rosario,"76,781","1:2,788"
258,Rufino,"76,640","1:2,793"
259,Vidal,"75,363","1:2,841"
260,de Miranda,"75,297","1:2,843"
261,Baptista,"74,361","1:2,879"
262,Bandeira,"73,816","1:2,900"
263,Paes,"73,562","1:2,910"
264,Flores,"73,444","1:2,915"
265,Silvestre,"72,533","1:2,951"
266,de Amorim,"71,658","1:2,987"
267,de Cassia,"71,558","1:2,992"
268,Rabelo,"70,875","1:3,020"
269,de Macedo,"70,783","1:3,024"
270,Alencar,"70,503","1:3,036"
271,Henrique da Silva,"70,433","1:3,039"
272,Rangel,"69,796","1:3,067"
273,Florencio,"69,406","1:3,084"
274,Ventura,"69,271","1:3,090"
275,do Prado,"69,011","1:3,102"
276,Mateus,"68,849","1:3,109"
277,Simao,"68,665","1:3,118"
278,Lins,"68,539","1:3,123"
279,Francisco,"67,875","1:3,154"
280,Paixao,"67,785","1:3,158"
281,Neres,"67,065","1:3,192"
282,Ramalho,"67,037","1:3,193"
283,de Menezes,"66,971","1:3,197"
284,de Camargo,"65,794","1:3,254"
285,Veloso,"65,675","1:3,260"
286,Couto,"65,532","1:3,267"
287,de Arruda,"65,314","1:3,278"
288,Celestino,"65,311","1:3,278"
289,de Albuquerque,"64,733","1:3,307"
290,Alcantara,"64,691","1:3,309"
291,Silverio,"64,240","1:3,332"
292,Muller,"63,971","1:3,346"
293,Feliciano,"63,600","1:3,366"
294,Honorio,"62,909","1:3,403"
295,Assuncao,"62,849","1:3,406"
296,de Aquino,"62,769","1:3,411"
297,Resende,"62,099","1:3,447"
298,Pimenta,"61,894","1:3,459"
299,Amancio,"61,634","1:3,473"
300,Moreno,"61,546","1:3,478"
301,Mello,"61,515","1:3,480"
302,Tenorio,"60,677","1:3,528"
303,Clemente,"60,321","1:3,549"
304,Goulart,"60,274","1:3,552"
305,da Paixao,"59,328","1:3,608"
306,Leao,"59,243","1:3,613"
307,Aquino,"59,169","1:3,618"
308,de Sena,"58,893","1:3,635"
309,Vilela,"58,740","1:3,644"
310,de Siqueira,"58,663","1:3,649"
311,Honorato,"58,487","1:3,660"
312,Balbino,"57,709","1:3,710"
313,Esteves,"57,551","1:3,720"
314,Paz,"57,337","1:3,734"
315,Januario,"57,301","1:3,736"
316,de Deus,"57,251","1:3,739"
317,Ferreira da Silva,"57,186","1:3,743"
318,Alves da Silva,"56,684","1:3,777"
319,Quirino,"56,596","1:3,782"
320,Botelho,"56,579","1:3,784"
321,da Penha,"56,129","1:3,814"
322,Sobrinho,"55,221","1:3,877"
323,Lourenço,"54,522","1:3,926"
324,Gregorio,"54,459","1:3,931"
325,Valentim,"54,388","1:3,936"
326,dos Passos,"54,313","1:3,941"
327,Pantoja,"54,097","1:3,957"
328,Araújo,"54,080","1:3,958"
329,Fontes,"53,256","1:4,020"
330,Meireles,"53,189","1:4,025"
331,Nobre,"52,943","1:4,043"
332,Brasil,"52,867","1:4,049"
333,Vitorino,"52,766","1:4,057"
334,da Paz,"52,212","1:4,100"
335,Guerra,"51,419","1:4,163"
336,Calixto,"51,252","1:4,177"
337,Cardozo,"51,104","1:4,189"
338,de Sales,"50,407","1:4,247"
339,Aires,"49,530","1:4,322"
340,Novais,"49,420","1:4,332"
341,Modesto,"49,349","1:4,338"
342,Claudino,"49,036","1:4,366"
343,Rossi,"48,986","1:4,370"
344,Bonfim,"48,969","1:4,372"
345,Cassiano,"48,864","1:4,381"
346,Severo,"48,813","1:4,386"
347,Vicente,"48,527","1:4,411"
348,Valerio,"48,158","1:4,445"
349,Gouveia,"47,903","1:4,469"
350,Romao,"47,686","1:4,489"
351,Motta,"47,319","1:4,524"
352,Caldeira,"47,015","1:4,553"
353,Barcelos,"46,999","1:4,555"
354,Ferrari,"46,964","1:4,558"
355,de Vasconcelos,"46,912","1:4,563"
356,Fraga,"46,673","1:4,587"
357,Veiga,"46,619","1:4,592"
358,Dourado,"46,449","1:4,609"
359,Novaes,"46,152","1:4,638"
360,Patricio,"46,115","1:4,642"
361,Nery,"46,051","1:4,649"
362,Meira,"45,980","1:4,656"
363,Jardim,"45,610","1:4,694"
364,Mattos,"45,464","1:4,709"
365,Basilio,"45,325","1:4,723"
366,Linhares,"45,319","1:4,724"
367,Gomes da Silva,"45,193","1:4,737"
368,Toledo,"44,954","1:4,762"
369,Borba,"44,733","1:4,786"
370,Rodrigues da Silva,"44,715","1:4,788"
371,Bomfim,"44,653","1:4,794"
372,Schneider,"44,621","1:4,798"
373,Caldas,"44,372","1:4,825"
374,Delfino,"43,064","1:4,971"
375,Rios,"43,029","1:4,975"
376,Vital,"42,835","1:4,998"
377,Gaspar,"42,589","1:5,027"
378,Laurindo,"42,516","1:5,035"
379,de Alencar,"42,261","1:5,066"
380,Henrique Silva,"42,196","1:5,073"
381,da Mota,"42,165","1:5,077"
382,de Mattos,"41,732","1:5,130"
383,Bittencourt,"41,547","1:5,153"
384,Serra,"41,413","1:5,169"
385,da Gloria,"41,204","1:5,195"
386,Souto,"41,179","1:5,199"
387,Goes,"40,973","1:5,225"
388,de Paulo,"40,971","1:5,225"
389,Arcanjo,"40,853","1:5,240"
390,de Lira,"40,788","1:5,248"
391,Marcondes,"40,760","1:5,252"
392,Fidelis,"40,652","1:5,266"
393,Lobato,"40,501","1:5,286"
394,Aragao,"40,439","1:5,294"
395,Avila,"40,412","1:5,297"
396,Henrique dos Santos,"40,050","1:5,345"
397,de Figueiredo,"39,834","1:5,374"
398,Ribas,"39,567","1:5,410"
399,Arantes,"39,509","1:5,418"
400,Belo,"39,476","1:5,423"
401,Carmo,"39,466","1:5,424"
402,Florentino,"39,422","1:5,430"
403,Portela,"39,198","1:5,461"
404,Holanda,"39,054","1:5,481"
405,Estevam,"39,015","1:5,487"
406,de Alcantara,"38,926","1:5,500"
407,Pereira dos Santos,"38,893","1:5,504"
408,Pedrosa,"38,814","1:5,515"
409,Prestes,"38,481","1:5,563"
410,Alvarenga,"38,360","1:5,581"
411,Fortunato,"38,310","1:5,588"
412,Saldanha,"38,259","1:5,595"
413,Camara,"38,247","1:5,597"
414,Felicio,"38,180","1:5,607"
415,Estevao,"38,155","1:5,611"
416,Cipriano,"37,981","1:5,636"
417,Lucena,"37,859","1:5,655"
418,Neri,"37,852","1:5,656"
419,Bonifacio,"37,600","1:5,693"
420,Apolinario,"37,531","1:5,704"
421,Schmidt,"37,513","1:5,707"
422,Castilho,"37,424","1:5,720"
423,Clementino,"37,301","1:5,739"
424,Marquês,"37,149","1:5,763"
425,Marcolino,"37,060","1:5,776"
426,Porfirio,"37,051","1:5,778"
427,Tome,"36,948","1:5,794"
428,de Mendonca,"36,503","1:5,865"
429,Verissimo,"36,314","1:5,895"
430,Valente,"36,302","1:5,897"
431,Pinho,"36,196","1:5,914"
432,do Vale,"35,977","1:5,950"
433,Aleixo,"35,924","1:5,959"
434,Nicolau,"35,771","1:5,985"
435,Figueira,"35,492","1:6,032"
436,Floriano,"35,255","1:6,072"
437,Coimbra,"35,028","1:6,112"
438,Veras,"34,977","1:6,120"
439,Marcal,"34,825","1:6,147"
440,Leme,"34,810","1:6,150"
441,Loureiro,"34,689","1:6,171"
442,Prates,"34,631","1:6,182"
443,Meneses,"34,615","1:6,184"
444,Becker,"34,548","1:6,196"
445,Belarmino,"34,516","1:6,202"
446,Luiz,"34,374","1:6,228"
447,Constantino,"34,069","1:6,284"
448,Bitencourt,"33,848","1:6,325"
449,Trajano,"33,786","1:6,336"
450,Alves dos Santos,"33,640","1:6,364"
451,Alexandre,"33,402","1:6,409"
452,Maximo,"33,364","1:6,416"
453,Martinez,"32,965","1:6,494"
454,Simplicio,"32,753","1:6,536"
455,Salles,"32,752","1:6,536"
456,Figueredo,"32,750","1:6,537"
457,Cavalheiro,"32,726","1:6,541"
458,Bernardo,"32,707","1:6,545"
459,Falcao,"32,702","1:6,546"
460,Conceição,"32,565","1:6,574"
461,Beserra,"32,549","1:6,577"
462,Augusto,"32,530","1:6,581"
463,Godoy,"32,097","1:6,670"
464,Henrique Pereira,"32,067","1:6,676"
465,Perez,"31,866","1:6,718"
466,Sobral,"31,266","1:6,847"
467,Crispim,"30,872","1:6,934"
468,Ortiz,"30,816","1:6,947"
469,Henrique Santos,"30,537","1:7,010"
470,Carlos,"30,357","1:7,052"
471,Henrique Ferreira,"30,335","1:7,057"
472,Campelo,"30,300","1:7,065"
473,Henrique Alves,"30,298","1:7,066"
474,Adao,"30,279","1:7,070"
475,Lessa,"30,148","1:7,101"
476,Lara,"30,106","1:7,111"
477,Sodre,"29,981","1:7,140"
478,Anastacio,"29,946","1:7,149"
479,Malaquias,"29,680","1:7,213"
480,Magno,"29,597","1:7,233"
481,Cassimiro,"29,590","1:7,235"
482,Henriques,"29,503","1:7,256"
483,Antonio,"29,494","1:7,258"
484,Cesario,"29,179","1:7,337"
485,Vianna,"29,129","1:7,349"
486,Ambrosio,"28,811","1:7,430"
487,Marcelino,"28,498","1:7,512"
488,Ferreira dos Santos,"28,250","1:7,578"
489,Pedro,"28,210","1:7,589"
490,Thomaz,"28,022","1:7,640"
491,Weber,"27,817","1:7,696"
492,da Mata,"27,695","1:7,730"
493,Penha,"27,664","1:7,738"
494,Marins,"27,627","1:7,749"
495,Mascarenhas,"27,625","1:7,749"
496,Madeira,"27,595","1:7,758"
497,Miguel,"27,574","1:7,764"
498,Branco,"27,570","1:7,765"
499,Sarmento,"27,389","1:7,816"
500,Ignacio,"27,351","1:7,827"
501,Gois,"27,220","1:7,865"
502,Noronha,"27,179","1:7,876"
503,Rego,"27,158","1:7,883"
504,Henrique Rodrigues,"27,003","1:7,928"
505,Pena,"26,955","1:7,942"
506,Mathias,"26,827","1:7,980"
507,Donizetti,"26,776","1:7,995"
508,Ruiz,"26,591","1:8,051"
509,Brum,"26,578","1:8,055"
510,Zacarias,"26,534","1:8,068"
511,Henrique de Oliveira,"26,471","1:8,087"
512,Telles,"26,403","1:8,108"
513,Quintino,"26,401","1:8,109"
514,Gil,"26,382","1:8,114"
515,de Fatima da Silva,"26,370","1:8,118"
516,Salgado,"26,196","1:8,172"
517,Anacleto,"26,056","1:8,216"
518,Francelino,"26,044","1:8,220"
519,de Avila,"25,923","1:8,258"
520,Alves de Oliveira,"25,552","1:8,378"
521,Felipe,"25,550","1:8,379"
522,Medina,"25,319","1:8,455"
523,Espindola,"25,287","1:8,466"
524,Vale,"25,018","1:8,557"
525,Klein,"25,013","1:8,559"
526,da Hora,"24,969","1:8,574"
527,de Rezende,"24,949","1:8,580"
528,Elias,"24,921","1:8,590"
529,Nobrega,"24,881","1:8,604"
530,de Assuncao,"24,610","1:8,699"
531,Fortes,"24,547","1:8,721"
532,Quaresma,"24,518","1:8,731"
533,Viegas,"24,419","1:8,767"
534,Munhoz,"24,365","1:8,786"
535,Frazao,"24,270","1:8,821"
536,Theodoro,"24,216","1:8,840"
537,Henrique de Souza,"24,081","1:8,890"
538,Rodrigues dos Santos,"24,037","1:8,906"
539,Godinho,"23,951","1:8,938"
540,Neris,"23,935","1:8,944"
541,Romero,"23,886","1:8,962"
542,Fogaca,"23,830","1:8,983"
543,Flor,"23,788","1:8,999"
544,de Magalhaes,"23,729","1:9,022"
545,Hoffmann,"23,698","1:9,033"
546,Cezario,"23,555","1:9,088"
547,Procopio,"23,496","1:9,111"
548,Varela,"23,393","1:9,151"
549,Delgado,"23,374","1:9,159"
550,Sacramento,"23,185","1:9,233"
551,de Lara,"23,115","1:9,261"
552,Jorge,"23,098","1:9,268"
553,Timoteo,"23,094","1:9,270"
554,Fialho,"22,975","1:9,318"
555,Gusmao,"22,907","1:9,345"
556,de Mesquita,"22,883","1:9,355"
557,de Olíveira,"22,752","1:9,409"
558,Henrique Oliveira,"22,701","1:9,430"
559,Lucas,"22,679","1:9,439"
560,do Couto,"22,523","1:9,505"
561,Leitao,"22,512","1:9,509"
562,Maximiano,"22,474","1:9,525"
563,Bosco,"22,357","1:9,575"
564,Feitoza,"22,304","1:9,598"
565,Canuto,"22,242","1:9,625"
566,Ribeiro da Silva,"22,110","1:9,682"
567,Inocencio,"22,081","1:9,695"
568,Zeferino,"22,041","1:9,713"
569,Jose,"22,003","1:9,729"
570,Gabriel,"21,928","1:9,763"
571,Junqueira,"21,914","1:9,769"
572,Maria,"21,911","1:9,770"
573,Rolim,"21,811","1:9,815"
574,Targino,"21,775","1:9,831"
575,Alexandrino,"21,736","1:9,849"
576,Liberato,"21,706","1:9,862"
577,Graciano,"21,690","1:9,870"
578,Romano,"21,565","1:9,927"
579,Guerreiro,"21,561","1:9,929"
580,dos Prazeres,"21,544","1:9,937"
581,Palmeira,"21,464","1:9,974"
582,Gonzalez,"21,181","1:10,107"
583,Camelo,"21,158","1:10,118"
584,Alves de Souza,"21,140","1:10,127"
585,Cirino,"21,106","1:10,143"
586,de Toledo,"21,093","1:10,149"
587,Cintra,"20,960","1:10,213"
588,Junior,"20,897","1:10,244"
589,Euzebio,"20,867","1:10,259"
590,Torquato,"20,814","1:10,285"
591,Terra,"20,804","1:10,290"
592,Macena,"20,760","1:10,312"
593,Corrêa,"20,615","1:10,384"
594,de Godoy,"20,563","1:10,411"
595,Roberto,"20,551","1:10,417"
596,Claro,"20,527","1:10,429"
597,Bessa,"20,524","1:10,430"
598,Nepomuceno,"20,466","1:10,460"
599,de Nazare,"20,428","1:10,479"
600,Mourao,"20,417","1:10,485"
601,Seixas,"20,399","1:10,494"
602,Alves Pereira,"20,393","1:10,497"
603,Guimarães,"20,296","1:10,548"
604,Dal,"20,284","1:10,554"
605,Godoi,"20,193","1:10,601"
606,Navarro,"20,173","1:10,612"
607,Anjos,"20,045","1:10,680"
608,Gouvea,"20,024","1:10,691"
609,Ximenes,"20,014","1:10,696"
610,Izidoro,"20,007","1:10,700"
611,Tiburcio,"19,999","1:10,704"
612,Sartori,"19,878","1:10,769"
613,Alonso,"19,875","1:10,771"
614,Barcellos,"19,838","1:10,791"
615,Fontoura,"19,820","1:10,801"
616,Leandro,"19,770","1:10,828"
617,de Fatima Silva,"19,753","1:10,838"
618,de Vargas,"19,751","1:10,839"
619,Vitorio,"19,743","1:10,843"
620,Narciso,"19,740","1:10,845"
621,da Trindade,"19,679","1:10,878"
622,de Quadros,"19,676","1:10,880"
623,Soares da Silva,"19,660","1:10,889"
624,Casagrande,"19,617","1:10,913"
625,Batista da Silva,"19,402","1:11,034"
626,Boaventura,"19,383","1:11,044"
627,Gadelha,"19,341","1:11,068"
628,Gimenes,"19,279","1:11,104"
629,Basso,"19,273","1:11,107"
630,de Lemos,"19,251","1:11,120"
631,de Jesus Silva,"19,236","1:11,129"
632,Dorneles,"19,234","1:11,130"
633,Nazario,"19,195","1:11,153"
634,Pereira de Souza,"19,165","1:11,170"
635,Henrique Gomes,"19,162","1:11,172"
636,Furlan,"19,152","1:11,178"
637,Mafra,"19,146","1:11,181"
638,Damaceno,"19,137","1:11,186"
639,Bentes,"19,115","1:11,199"
640,de Lurdes,"18,987","1:11,275"
641,Dionizio,"18,976","1:11,281"
642,Pio,"18,974","1:11,283"
643,da Gama,"18,947","1:11,299"
644,de Lucena,"18,860","1:11,351"
645,da Anunciacao,"18,832","1:11,368"
646,Prudencio,"18,769","1:11,406"
647,Ayres,"18,766","1:11,408"
648,da Silva Santos,"18,745","1:11,420"
649,de Fatima Pereira,"18,731","1:11,429"
650,Gualberto,"18,640","1:11,485"
650,Ramires,"18,640","1:11,485"
652,das Merces,"18,625","1:11,494"
652,Magela,"18,625","1:11,494"
654,Barbosa da Silva,"18,564","1:11,532"
655,Uchoa,"18,461","1:11,596"
656,Lopes da Silva,"18,458","1:11,598"
657,Luna,"18,447","1:11,605"
658,Tobias,"18,424","1:11,619"
659,Berto,"18,399","1:11,635"
660,Cortes,"18,393","1:11,639"
661,Luíz,"18,371","1:11,653"
662,Pascoal,"18,335","1:11,676"
663,Sanchez,"18,283","1:11,709"
664,Juliao,"18,270","1:11,717"
665,Reboucas,"18,196","1:11,765"
666,Schmitt,"18,171","1:11,781"
667,de Lourdes da Silva,"18,146","1:11,797"
668,dos Santos Silva,"18,089","1:11,835"
669,Schmitz,"18,056","1:11,856"
670,Fontana,"18,050","1:11,860"
671,Rosa da Silva,"17,991","1:11,899"
672,Ricardo,"17,988","1:11,901"
673,Paim,"17,942","1:11,931"
674,Ponciano,"17,935","1:11,936"
675,de Pontes,"17,872","1:11,978"
676,Fermino,"17,830","1:12,006"
677,Martin,"17,819","1:12,014"
678,Jordao,"17,779","1:12,041"
679,Benites,"17,773","1:12,045"
680,Fonsêca,"17,705","1:12,091"
681,de Pinho,"17,697","1:12,097"
682,Raimundo,"17,694","1:12,099"
683,Taveira,"17,673","1:12,113"
684,das Virgens,"17,630","1:12,143"
685,Salvador,"17,611","1:12,156"
686,Valadares,"17,604","1:12,161"
687,Vasconcellos,"17,595","1:12,167"
688,Quadros,"17,570","1:12,184"
689,Bernardi,"17,569","1:12,185"
690,Cristina,"17,512","1:12,224"
691,Baia,"17,486","1:12,243"
692,de Goes,"17,429","1:12,283"
693,Fiuza,"17,416","1:12,292"
694,Molina,"17,369","1:12,325"
695,Vieira da Silva,"17,354","1:12,336"
696,de Padua,"17,334","1:12,350"
697,Pessanha,"17,292","1:12,380"
698,Alvares,"17,248","1:12,412"
699,Salomao,"17,244","1:12,414"
700,Fragoso,"17,239","1:12,418"
701,Hipolito,"17,184","1:12,458"
702,Palma,"17,034","1:12,567"
703,de Borba,"17,012","1:12,584"
704,Cortez,"16,931","1:12,644"
705,de Resende,"16,880","1:12,682"
706,Mantovani,"16,868","1:12,691"
707,Felisberto,"16,821","1:12,727"
708,da Graca,"16,814","1:12,732"
709,Trevisan,"16,787","1:12,752"
710,Benevides,"16,756","1:12,776"
711,Paulo,"16,687","1:12,829"
712,de Lacerda,"16,620","1:12,881"
713,de Holanda,"16,503","1:12,972"
714,Felizardo,"16,423","1:13,035"
715,Colombo,"16,370","1:13,077"
716,Salviano,"16,337","1:13,104"
717,Oliveira da Silva,"16,303","1:13,131"
718,Bianchi,"16,148","1:13,257"
719,Aparecida,"16,135","1:13,268"
720,da Veiga,"16,108","1:13,290"
721,de Fatima Ferreira,"16,078","1:13,315"
722,Freires,"16,065","1:13,326"
723,Henrique Souza,"16,053","1:13,335"
724,da Conceicao Silva,"16,007","1:13,374"
725,Roza,"15,982","1:13,395"
726,Parreira,"15,959","1:13,414"
727,Lustosa,"15,954","1:13,418"
728,Raposo,"15,933","1:13,436"
729,Sant Ana,"15,891","1:13,471"
730,Caires,"15,890","1:13,472"
731,Monte,"15,882","1:13,479"
732,Damasio,"15,875","1:13,485"
732,Malta,"15,875","1:13,485"
734,de Fatima Alves,"15,856","1:13,501"
735,Sobreira,"15,802","1:13,547"
736,Rech,"15,796","1:13,552"
737,de Jesus Santos,"15,739","1:13,602"
738,Laureano,"15,699","1:13,636"
739,Eleuterio,"15,644","1:13,684"
740,Martini,"15,621","1:13,704"
741,Barbieri,"15,610","1:13,714"
742,Fernandes da Silva,"15,574","1:13,746"
743,Urbano,"15,500","1:13,811"
744,Albano,"15,353","1:13,943"
745,Ferreira de Souza,"15,333","1:13,962"
746,Anunciacao,"15,304","1:13,988"
747,Fischer,"15,300","1:13,992"
748,Martinelli,"15,157","1:14,124"
749,Rodrigues de Oliveira,"15,136","1:14,143"
750,Avelar,"15,078","1:14,198"
751,Alves Ferreira,"15,076","1:14,200"
752,Lago,"15,041","1:14,233"
753,Madureira,"15,016","1:14,256"
754,de Jesus Pereira,"15,014","1:14,258"
755,Hernandes,"15,011","1:14,261"
756,Valeriano,"14,979","1:14,292"
757,de Fatima dos Santos,"14,922","1:14,346"
758,Caitano,"14,916","1:14,352"
759,Seabra,"14,912","1:14,356"
760,Gonsalves,"14,898","1:14,369"
761,Meirelles,"14,870","1:14,396"
761,Rodriguez,"14,870","1:14,396"
763,Fontenele,"14,866","1:14,400"
764,Lino,"14,849","1:14,417"
765,Netto,"14,801","1:14,464"
766,Colares,"14,751","1:14,513"
767,Osorio,"14,749","1:14,514"
768,Gimenez,"14,704","1:14,559"
769,Parente,"14,703","1:14,560"
770,Sato,"14,674","1:14,589"
771,Leopoldino,"14,670","1:14,593"
772,Rodrigues de Souza,"14,614","1:14,649"
773,Gomes dos Santos,"14,611","1:14,652"
774,Cesar,"14,594","1:14,669"
775,do Rocio,"14,579","1:14,684"
776,Domiciano,"14,484","1:14,780"
777,Darc,"14,444","1:14,821"
778,de Gois,"14,382","1:14,885"
779,Marin,"14,373","1:14,894"
780,Duque,"14,344","1:14,924"
781,Nicacio,"14,327","1:14,942"
782,do Socorro da Silva,"14,305","1:14,965"
783,Belem,"14,304","1:14,966"
784,Balduino,"14,270","1:15,002"
785,Morales,"14,260","1:15,012"
786,de Fatima Rodrigues,"14,202","1:15,074"
787,Elisa,"14,169","1:15,109"
788,Sant Anna,"14,142","1:15,137"
789,Sant,"14,112","1:15,170"
790,Fernandez,"14,100","1:15,183"
791,Prata,"14,068","1:15,217"
792,Henrique Ribeiro,"14,055","1:15,231"
793,Serpa,"14,050","1:15,237"
794,Abadia,"14,038","1:15,250"
795,Querino,"13,982","1:15,311"
796,Jacinto,"13,889","1:15,413"
797,de Godoi,"13,874","1:15,430"
798,Milani,"13,830","1:15,479"
799,Tolentino,"13,808","1:15,504"
800,Severino,"13,806","1:15,506"
801,Martinho,"13,798","1:15,515"
802,Vasques,"13,778","1:15,537"
803,Affonso,"13,737","1:15,584"
804,Natal,"13,731","1:15,591"
805,Proenca,"13,670","1:15,660"
806,da Motta,"13,585","1:15,758"
807,Luciano,"13,517","1:15,837"
808,Vitoriano,"13,500","1:15,857"
809,Loiola,"13,477","1:15,884"
810,Santos da Silva,"13,423","1:15,948"
811,Batista dos Santos,"13,421","1:15,951"
812,Manoel,"13,358","1:16,026"
813,Vilas Boas,"13,313","1:16,080"
814,Lage,"13,307","1:16,087"
815,Bahia,"13,284","1:16,115"
816,Palheta,"13,249","1:16,158"
817,Kruger,"13,233","1:16,177"
818,Garcez,"13,210","1:16,205"
819,Henrique Lima,"13,197","1:16,221"
820,Martins da Silva,"13,187","1:16,234"
821,Paula,"13,162","1:16,265"
822,Patrocinio,"13,113","1:16,325"
823,Frota,"13,104","1:16,337"
824,do Livramento,"13,092","1:16,352"
825,Jesus,"13,062","1:16,389"
826,Bertoldo,"13,049","1:16,405"
827,de Lourdes Pereira,"13,046","1:16,409"
828,Ribeiro dos Santos,"13,022","1:16,439"
829,Moretti,"12,982","1:16,490"
830,Benedito,"12,975","1:16,499"
831,Dornelas,"12,957","1:16,522"
832,Daniel,"12,948","1:16,533"
833,Moro,"12,937","1:16,547"
834,de Ramos,"12,850","1:16,659"
835,Stein,"12,846","1:16,665"
836,Guilherme,"12,834","1:16,680"
837,Escobar,"12,765","1:16,770"
838,Naves,"12,757","1:16,781"
839,Gomes de Oliveira,"12,751","1:16,789"
840,Wagner,"12,746","1:16,795"
841,do Rego,"12,733","1:16,813"
842,Ortega,"12,725","1:16,823"
843,Zanella,"12,720","1:16,830"
844,Henrique Soares,"12,719","1:16,831"
845,Petry,"12,692","1:16,867"
846,Pestana,"12,619","1:16,964"
847,de Lourdes Silva,"12,600","1:16,990"
848,Baltazar,"12,599","1:16,991"
849,Montenegro,"12,584","1:17,012"
850,Marcon,"12,575","1:17,024"
851,Kuhn,"12,571","1:17,029"
852,Abrantes,"12,570","1:17,031"
853,Marques da Silva,"12,562","1:17,041"
854,Ciriaco,"12,552","1:17,055"
855,Cantanhede,"12,550","1:17,058"
856,Scherer,"12,526","1:17,090"
857,Mayer,"12,520","1:17,099"
858,Gondim,"12,473","1:17,163"
859,Azeredo,"12,457","1:17,185"
860,Dornelles,"12,453","1:17,191"
861,Geraldo,"12,449","1:17,196"
862,Zanetti,"12,444","1:17,203"
863,Pedreira,"12,437","1:17,213"
864,Henrique Gonçalves,"12,429","1:17,224"
865,Dalla,"12,417","1:17,240"
866,Vilhena,"12,384","1:17,286"
867,Caixeta,"12,381","1:17,291"
868,da Guia,"12,380","1:17,292"
869,Silva dos Santos,"12,377","1:17,296"
870,Crisostomo,"12,301","1:17,403"
871,Piedade,"12,261","1:17,460"
871,Sardinha,"12,261","1:17,460"
871,Taborda,"12,261","1:17,460"
874,Gurgel,"12,250","1:17,475"
875,Romeiro,"12,245","1:17,483"
876,Andre,"12,211","1:17,531"
877,Simon,"12,196","1:17,553"
878,Henrique Martins,"12,193","1:17,557"
879,Portugal,"12,169","1:17,592"
880,David,"12,156","1:17,611"
881,Aprigio,"12,136","1:17,640"
882,Justo,"12,124","1:17,657"
883,de Fatima Oliveira,"12,103","1:17,688"
884,Praxedes,"12,093","1:17,702"
885,Batalha,"12,082","1:17,718"
886,França,"12,002","1:17,837"
887,Zimmermann,"11,965","1:17,892"
888,Gontijo,"11,963","1:17,895"
889,Duraes,"11,879","1:18,021"
890,das Gracas Silva,"11,864","1:18,044"
891,Firmo,"11,846","1:18,071"
892,Limeira,"11,833","1:18,091"
893,Amador,"11,828","1:18,099"
894,Policarpo,"11,804","1:18,136"
895,Pina,"11,803","1:18,137"
896,Izidio,"11,801","1:18,140"
897,Moreira da Silva,"11,794","1:18,151"
898,Frutuoso,"11,789","1:18,159"
899,Favero,"11,767","1:18,193"
900,de Maria,"11,762","1:18,201"
901,de Jesus da Silva,"11,697","1:18,302"
901,Zago,"11,697","1:18,302"
903,Simas,"11,680","1:18,328"
904,Teotonio,"11,679","1:18,330"
905,Lopez,"11,661","1:18,358"
906,Vilar,"11,631","1:18,405"
907,Froes,"11,630","1:18,407"
908,de Jesus Ferreira,"11,603","1:18,450"
909,Beraldo,"11,583","1:18,482"
910,Roseno,"11,582","1:18,483"
911,Venceslau,"11,563","1:18,514"
912,Prudente,"11,561","1:18,517"
913,Paschoal,"11,560","1:18,519"
914,Conde,"11,551","1:18,533"
915,Fideles,"11,495","1:18,623"
916,Silva Santos,"11,489","1:18,633"
917,Cassemiro,"11,483","1:18,643"
918,Albino,"11,461","1:18,679"
919,Henrique Costa,"11,459","1:18,682"
920,Longo,"11,449","1:18,698"
921,Alvim,"11,443","1:18,708"
922,Estrela,"11,438","1:18,716"
923,Pavan,"11,411","1:18,760"
924,Alvarez,"11,405","1:18,770"
925,Amarante,"11,401","1:18,777"
926,Nunes da Silva,"11,375","1:18,820"
927,Henrique Barbosa,"11,374","1:18,821"
928,Calazans,"11,355","1:18,853"
929,Thome,"11,335","1:18,886"
930,Avelino,"11,266","1:19,002"
931,Camargos,"11,246","1:19,036"
932,de Alvarenga,"11,212","1:19,093"
933,Pereira de Oliveira,"11,175","1:19,157"
934,Ferreira Lima,"11,167","1:19,170"
935,do Socorro Silva,"11,133","1:19,229"
936,Salazar,"11,117","1:19,256"
937,Militao,"11,090","1:19,303"
938,Filgueira,"11,069","1:19,340"
939,Louzada,"11,067","1:19,343"
940,Bruno,"11,058","1:19,359"
941,Eduardo,"11,032","1:19,405"
942,Acosta,"10,996","1:19,468"
943,Castelo,"10,964","1:19,525"
944,de Lourdes Ferreira,"10,946","1:19,557"
945,Portes,"10,929","1:19,588"
946,da Silva Oliveira,"10,922","1:19,600"
947,Mamede,"10,851","1:19,729"
948,Dias da Silva,"10,841","1:19,747"
949,Nolasco,"10,822","1:19,781"
950,Rosa de Jesus,"10,817","1:19,791"
951,Rabello,"10,813","1:19,798"
952,Catarino,"10,809","1:19,805"
953,Negreiros,"10,805","1:19,813"
954,Natividade,"10,791","1:19,838"
955,Rebelo,"10,756","1:19,903"
956,António,"10,752","1:19,910"
957,Calisto,"10,733","1:19,945"
958,Terto,"10,699","1:20,009"
959,Joaquim,"10,684","1:20,037"
960,Manhaes,"10,663","1:20,076"
961,da Silva Pereira,"10,652","1:20,097"
962,Schulz,"10,639","1:20,122"
963,Paranhos,"10,630","1:20,139"
964,Lucio,"10,611","1:20,175"
965,de Lourdes Alves,"10,591","1:20,213"
966,da Aparecida,"10,585","1:20,224"
967,Bacelar,"10,582","1:20,230"
968,Bernardino,"10,573","1:20,247"
969,Mendonça,"10,550","1:20,291"
970,Rosa dos Santos,"10,548","1:20,295"
971,Pompeu,"10,545","1:20,301"
972,Alves de Sousa,"10,535","1:20,320"
973,do Amparo,"10,503","1:20,382"
974,Schultz,"10,499","1:20,390"
975,do Monte,"10,496","1:20,396"
976,Umbelino,"10,476","1:20,435"
977,Carreiro,"10,468","1:20,450"
978,de Ribamar,"10,462","1:20,462"
979,Negrao,"10,452","1:20,482"
980,Barreira,"10,449","1:20,488"
981,Germano,"10,445","1:20,495"
982,de Luna,"10,395","1:20,594"
983,Britto,"10,376","1:20,632"
984,Belchior,"10,371","1:20,642"
985,Vilas,"10,370","1:20,644"
986,da Conceicao Pereira,"10,360","1:20,664"
987,Quintanilha,"10,343","1:20,698"
988,Vitor,"10,337","1:20,710"
989,Ruas,"10,320","1:20,744"
990,Pacifico,"10,312","1:20,760"
991,Henrique Vieira,"10,305","1:20,774"
992,Alves de Lima,"10,304","1:20,776"
993,Henrique Lopes,"10,264","1:20,857"
994,Gonzales,"10,226","1:20,934"
995,do Carmo da Silva,"10,203","1:20,982"
996,Portella,"10,197","1:20,994"
997,Watanabe,"10,191","1:21,006"
998,Calado,"10,173","1:21,043"
999,Lima da Silva,"10,151","1:21,089"
1000,Carolino,"10,145","1:21,101"
1000,Viturino,"10,145","1:21,101"